,행정구역,,2023년03월_계_총인구수,2023년03월_계_연령구간인구수,2023년03월_계_0~9세,2023년03월_계_10~19세,2023년03월_계_20~29세,2023년03월_계_30~39세,2023년03월_계_40~49세,2023년03월_계_50~59세,2023년03월_계_60~69세,2023년03월_계_70~79세,2023년03월_계_80~89세,2023년03월_계_90~99세,2023년03월_계_100세 이상,2023년03월_남_총인구수,2023년03월_남_연령구간인구수,2023년03월_남_0~9세,2023년03월_남_10~19세,2023년03월_남_20~29세,2023년03월_남_30~39세,2023년03월_남_40~49세,2023년03월_남_50~59세,2023년03월_남_60~69세,2023년03월_남_70~79세,2023년03월_남_80~89세,2023년03월_남_90~99세,2023년03월_남_100세 이상,2023년03월_여_총인구수,2023년03월_여_연령구간인구수,2023년03월_여_0~9세,2023년03월_여_10~19세,2023년03월_여_20~29세,2023년03월_여_30~39세,2023년03월_여_40~49세,2023년03월_여_50~59세,2023년03월_여_60~69세,2023년03월_여_70~79세,2023년03월_여_80~89세,2023년03월_여_90~99세,2023년03월_여_100세 이상
1,강원도,강릉시,"210,678","210,678","11,947","17,758","23,413","20,445","30,579","36,176","36,777","20,353","11,384","1,789",57,"104,419","104,419","6,197","9,322","12,869","10,899","15,431","18,413","17,591","9,154","4,161",373,9,"106,259","106,259","5,750","8,436","10,544","9,546","15,148","17,763","19,186","11,199","7,223","1,416",48
2,강원도,고성군,"27,155","27,155","1,271","1,591","2,539","2,286","2,994","4,684","5,886","3,434","2,136",322,12,"13,992","13,992",641,862,"1,607","1,285","1,642","2,580","3,017","1,536",740,76,6,"13,163","13,163",630,729,932,"1,001","1,352","2,104","2,869","1,898","1,396",246,6
3,강원도,동해시,"89,186","89,186","5,758","8,349","8,760","8,323","13,793","15,644","15,214","8,294","4,438",601,12,"45,323","45,323","2,945","4,375","5,129","4,528","7,157","8,203","7,400","3,795","1,669",119,3,"43,863","43,863","2,813","3,974","3,631","3,795","6,636","7,441","7,814","4,499","2,769",482,9
4,강원도,삼척시,"63,487","63,487","3,341","5,212","6,682","5,033","8,161","10,678","12,161","7,129","4,368",704,18,"32,220","32,220","1,693","2,712","3,774","2,731","4,396","5,874","6,165","3,285","1,447",143,0,"31,267","31,267","1,648","2,500","2,908","2,302","3,765","4,804","5,996","3,844","2,921",561,18
5,강원도,속초시,"82,541","82,541","5,340","6,919","8,468","9,074","11,931","14,961","14,500","7,026","3,699",609,14,"40,885","40,885","2,722","3,557","4,770","4,974","5,930","7,376","7,011","3,074","1,351",115,5,"41,656","41,656","2,618","3,362","3,698","4,100","6,001","7,585","7,489","3,952","2,348",494,9
6,강원도,양구군,"21,351","21,351","1,537","1,913","2,567","2,363","2,408","3,263","3,867","1,907","1,336",185,5,"11,213","11,213",764,956,"1,674","1,338","1,286","1,737","2,067",877,468,43,3,"10,138","10,138",773,957,893,"1,025","1,122","1,526","1,800","1,030",868,142,2
7,강원도,양양군,"27,860","27,860","1,157","1,722","2,137","2,147","3,400","4,862","6,143","3,732","2,212",338,10,"14,271","14,271",588,931,"1,270","1,205","1,866","2,598","3,155","1,751",846,61,0,"13,589","13,589",569,791,867,942,"1,534","2,264","2,988","1,981","1,366",277,10
8,강원도,영월군,"37,656","37,656","1,461","2,676","2,870","2,483","4,180","6,791","8,824","4,943","3,028",389,11,"19,496","19,496",768,"1,501","1,623","1,369","2,232","3,769","4,713","2,341","1,086",91,3,"18,160","18,160",693,"1,175","1,247","1,114","1,948","3,022","4,111","2,602","1,942",298,8
9,강원도,원주시,"360,752","360,752","26,249","34,926","43,340","45,387","56,595","61,654","53,039","23,319","14,061","2,127",55,"178,847","178,847","13,476","17,973","23,100","23,151","27,892","30,834","26,289","10,621","5,031",469,11,"181,905","181,905","12,773","16,953","20,240","22,236","28,703","30,820","26,750","12,698","9,030","1,658",44
10,강원도,인제군,"32,089","32,089","2,364","2,275","3,939","3,960","3,959","4,907","5,984","2,710","1,717",267,7,"17,487","17,487","1,205","1,187","2,684","2,339","2,172","2,637","3,232","1,325",639,62,5,"14,602","14,602","1,159","1,088","1,255","1,621","1,787","2,270","2,752","1,385","1,078",205,2
11,강원도,정선군,"34,759","34,759","1,382","2,286","2,432","2,460","4,400","6,410","8,037","4,443","2,548",347,14,"18,153","18,153",698,"1,164","1,442","1,381","2,526","3,636","4,287","2,027",915,73,4,"16,606","16,606",684,"1,122",990,"1,079","1,874","2,774","3,750","2,416","1,633",274,10
12,강원도,철원군,"41,994","41,994","2,863","3,368","4,701","4,337","5,115","6,666","7,589","4,335","2,645",363,12,"21,759","21,759","1,440","1,783","2,994","2,442","2,691","3,562","3,870","1,941",940,95,1,"20,235","20,235","1,423","1,585","1,707","1,895","2,424","3,104","3,719","2,394","1,705",268,11
13,강원도,춘천시,"286,850","286,850","19,747","26,326","37,437","34,244","41,518","46,718","43,600","21,475","13,678","2,043",64,"141,586","141,586","10,112","13,618","19,985","17,729","20,437","23,497","21,150","9,536","4,994",507,21,"145,264","145,264","9,635","12,708","17,452","16,515","21,081","23,221","22,450","11,939","8,684","1,536",43
14,강원도,태백시,"39,050","39,050","1,958","3,453","3,115","2,915","5,717","6,782","7,693","4,775","2,409",228,5,"19,678","19,678","1,042","1,798","1,777","1,579","3,002","3,656","3,833","2,084",872,34,1,"19,372","19,372",916,"1,655","1,338","1,336","2,715","3,126","3,860","2,691","1,537",194,4
15,강원도,평창군,"40,787","40,787","1,525","2,690","3,027","2,673","4,751","7,618","9,855","5,252","2,978",402,16,"21,080","21,080",738,"1,463","1,817","1,445","2,586","4,098","5,195","2,534","1,121",82,1,"19,707","19,707",787,"1,227","1,210","1,228","2,165","3,520","4,660","2,718","1,857",320,15
16,강원도,홍천군,"67,759","67,759","3,321","4,678","5,964","5,609","7,622","11,589","15,635","7,722","4,864",731,24,"34,845","34,845","1,693","2,364","3,570","3,116","4,061","6,120","8,147","3,839","1,763",169,3,"32,914","32,914","1,628","2,314","2,394","2,493","3,561","5,469","7,488","3,883","3,101",562,21
17,강원도,화천군,"23,144","23,144","1,516","1,623","3,040","2,579","2,454","3,628","4,279","2,177","1,619",218,11,"12,416","12,416",791,807,"2,013","1,545","1,328","1,951","2,340","1,009",571,57,4,"10,728","10,728",725,816,"1,027","1,034","1,126","1,677","1,939","1,168","1,048",161,7
18,강원도,횡성군,"46,621","46,621","1,965","3,478","3,346","3,084","4,775","8,215","11,595","5,927","3,680",538,18,"23,904","23,904","1,030","1,838","1,913","1,669","2,590","4,364","6,056","2,958","1,385",100,1,"22,717","22,717",935,"1,640","1,433","1,415","2,185","3,851","5,539","2,969","2,295",438,17
22,경기도,가평군,"61,969","61,969","2,847","4,399","5,802","5,364","7,537","10,806","13,412","7,151","4,076",556,19,"32,009","32,009","1,441","2,256","3,380","2,935","4,017","5,792","6,914","3,497","1,617",154,6,"29,960","29,960","1,406","2,143","2,422","2,429","3,520","5,014","6,498","3,654","2,459",402,13
23,경기도,고양시,"1,077,909","1,077,909","73,283","100,437","138,538","143,322","172,298","198,123","143,908","63,683","38,419","5,747",151,"526,169","526,169","37,292","51,204","70,322","71,514","84,045","96,374","72,026","27,858","13,974","1,520",40,"551,740","551,740","35,991","49,233","68,216","71,808","88,253","101,749","71,882","35,825","24,445","4,227",111
25,경기도,과천시,"78,654","78,654","7,411","7,578","9,614","11,689","12,056","12,990","10,223","4,347","2,317",421,8,"38,640","38,640","3,838","3,853","4,937","5,784","5,915","6,254","5,028","2,013",903,112,3,"40,014","40,014","3,573","3,725","4,677","5,905","6,141","6,736","5,195","2,334","1,414",309,5
26,경기도,광명시,"285,198","285,198","19,775","28,824","34,267","37,791","47,837","48,501","40,108","18,366","8,477","1,208",44,"140,204","140,204","10,085","14,776","17,658","19,381","23,445","24,153","19,064","8,389","2,980",262,11,"144,994","144,994","9,690","14,048","16,609","18,410","24,392","24,348","21,044","9,977","5,497",946,33
27,경기도,광주시,"390,949","390,949","31,122","34,901","42,803","53,450","68,817","66,968","56,010","24,863","10,561","1,395",59,"199,468","199,468","15,869","17,906","22,762","27,853","36,190","34,375","27,929","12,079","4,198",292,15,"191,481","191,481","15,253","16,995","20,041","25,597","32,627","32,593","28,081","12,784","6,363","1,103",44
28,경기도,구리시,"188,709","188,709","12,561","17,049","24,087","24,204","30,466","34,378","27,367","12,138","5,731",709,19,"93,443","93,443","6,501","8,757","12,293","12,286","15,299","16,809","13,616","5,494","2,197",186,5,"95,266","95,266","6,060","8,292","11,794","11,918","15,167","17,569","13,751","6,644","3,534",523,14
29,경기도,군포시,"265,252","265,252","16,765","24,588","34,741","36,797","40,758","46,934","38,711","15,909","8,617","1,382",50,"131,609","131,609","8,587","12,704","18,114","19,446","20,169","22,933","18,834","7,319","3,133",360,10,"133,643","133,643","8,178","11,884","16,627","17,351","20,589","24,001","19,877","8,590","5,484","1,022",40
30,경기도,김포시,"484,514","484,514","48,353","52,037","50,005","68,913","93,762","71,112","56,926","28,576","12,947","1,828",55,"242,029","242,029","24,765","26,463","25,562","33,769","48,185","36,390","27,952","13,430","5,046",451,16,"242,485","242,485","23,588","25,574","24,443","35,144","45,577","34,722","28,974","15,146","7,901","1,377",39
31,경기도,남양주시,"735,649","735,649","57,923","79,353","83,311","87,012","131,127","125,532","96,076","48,875","23,115","3,190",135,"365,298","365,298","29,783","40,765","43,242","43,286","65,167","63,746","47,187","22,323","9,031",742,26,"370,351","370,351","28,140","38,588","40,069","43,726","65,960","61,786","48,889","26,552","14,084","2,448",109
32,경기도,동두천시,"90,582","90,582","5,047","8,086","10,132","9,213","12,915","16,185","14,726","8,465","5,169",627,17,"45,205","45,205","2,606","4,088","5,460","4,888","6,626","8,547","7,322","3,627","1,873",164,4,"45,377","45,377","2,441","3,998","4,672","4,325","6,289","7,638","7,404","4,838","3,296",463,13
33,경기도,부천시,"787,813","787,813","47,775","65,863","102,850","108,273","121,109","140,297","124,634","50,670","22,809","3,406",127,"389,786","389,786","24,535","33,736","52,881","55,880","61,200","68,041","60,825","23,868","8,046",744,30,"398,027","398,027","23,240","32,127","49,969","52,393","59,909","72,256","63,809","26,802","14,763","2,662",97
34,경기도,성남시,"923,416","923,416","62,169","84,403","120,006","134,131","149,734","154,406","124,877","60,402","28,707","4,435",146,"457,196","457,196","31,651","43,159","61,616","68,684","73,989","77,139","61,003","27,572","11,237","1,108",38,"466,220","466,220","30,518","41,244","58,390","65,447","75,745","77,267","63,874","32,830","17,470","3,327",108
36,경기도,수원시,"1,192,225","1,192,225","85,445","114,804","178,882","180,722","197,745","199,356","140,899","60,563","29,410","4,267",132,"600,239","600,239","44,101","59,236","93,512","95,512","99,685","99,178","69,913","27,344","10,722","1,009",27,"591,986","591,986","41,344","55,568","85,370","85,210","98,060","100,178","70,986","33,219","18,688","3,258",105
38,경기도,시흥시,"517,336","517,336","45,312","51,650","66,030","76,250","93,615","90,937","59,537","21,590","10,768","1,594",53,"270,176","270,176","22,965","26,495","35,933","40,954","50,603","47,533","31,605","10,073","3,688",318,9,"247,160","247,160","22,347","25,155","30,097","35,296","43,012","43,404","27,932","11,517","7,080","1,276",44
39,경기도,안산시,"638,264","638,264","37,399","58,023","98,050","83,303","98,029","125,823","86,671","31,809","16,551","2,526",80,"327,172","327,172","19,107","29,847","52,223","45,577","50,872","63,362","45,384","14,608","5,621",556,15,"311,092","311,092","18,292","28,176","45,827","37,726","47,157","62,461","41,287","17,201","10,930","1,970",65
41,경기도,안성시,"188,574","188,574","11,880","17,437","22,351","21,787","29,577","32,194","29,012","14,718","8,314","1,265",39,"97,561","97,561","6,195","9,022","12,348","12,094","15,864","17,050","14,748","6,951","3,005",276,8,"91,013","91,013","5,685","8,415","10,003","9,693","13,713","15,144","14,264","7,767","5,309",989,31
42,경기도,안양시,"547,320","547,320","36,546","49,525","70,572","78,637","84,076","94,944","80,050","34,192","16,225","2,495",58,"270,396","270,396","18,653","25,580","36,614","40,464","41,686","46,094","38,897","15,940","5,881",577,10,"276,924","276,924","17,893","23,945","33,958","38,173","42,390","48,850","41,153","18,252","10,344","1,918",48
44,경기도,양주시,"250,698","250,698","20,162","25,625","28,195","30,622","41,579","42,104","34,459","17,604","9,041","1,258",49,"126,690","126,690","10,221","12,916","15,106","15,878","21,218","21,992","17,353","8,242","3,458",294,12,"124,008","124,008","9,941","12,709","13,089","14,744","20,361","20,112","17,106","9,362","5,583",964,37
45,경기도,양평군,"122,661","122,661","6,536","9,819","9,948","10,349","16,073","21,090","26,010","14,300","7,381","1,123",32,"61,661","61,661","3,362","5,170","5,520","5,402","8,069","10,784","13,003","7,096","2,982",268,5,"61,000","61,000","3,174","4,649","4,428","4,947","8,004","10,306","13,007","7,204","4,399",855,27
46,경기도,여주시,"113,209","113,209","6,442","9,325","11,388","11,040","15,650","20,029","21,165","11,034","6,135",975,26,"57,644","57,644","3,320","4,862","6,195","5,898","8,009","10,525","10,845","5,387","2,362",240,1,"55,565","55,565","3,122","4,463","5,193","5,142","7,641","9,504","10,320","5,647","3,773",735,25
47,경기도,연천군,"41,762","41,762","2,207","2,843","4,715","3,941","4,445","6,689","8,446","4,828","3,197",435,16,"21,951","21,951","1,134","1,492","3,015","2,308","2,405","3,624","4,429","2,262","1,164",112,6,"19,811","19,811","1,073","1,351","1,700","1,633","2,040","3,065","4,017","2,566","2,033",323,10
48,경기도,오산시,"229,247","229,247","19,207","25,291","29,680","35,379","44,552","35,258","23,789","10,482","4,987",613,9,"119,410","119,410","9,757","13,053","16,189","19,566","23,786","18,507","11,808","4,739","1,863",141,1,"109,837","109,837","9,450","12,238","13,491","15,813","20,766","16,751","11,981","5,743","3,124",472,8
49,경기도,용인시,"1,073,513","1,073,513","85,643","120,803","133,660","134,262","193,324","178,118","119,556","68,861","34,346","4,794",146,"532,590","532,590","43,800","61,749","69,970","67,180","94,912","90,006","58,150","30,743","14,711","1,337",32,"540,923","540,923","41,843","59,054","63,690","67,082","98,412","88,112","61,406","38,118","19,635","3,457",114
51,경기도,의왕시,"159,246","159,246","11,759","13,631","20,594","22,054","23,180","28,333","24,430","9,679","4,761",804,21,"78,962","78,962","6,027","7,039","10,850","11,257","11,685","13,552","11,958","4,657","1,752",182,3,"80,284","80,284","5,732","6,592","9,744","10,797","11,495","14,781","12,472","5,022","3,009",622,18
52,경기도,의정부시,"462,637","462,637","30,917","40,738","61,264","59,940","71,782","81,587","65,235","32,310","16,671","2,131",62,"227,427","227,427","16,031","20,820","30,843","30,760","36,285","39,977","31,598","14,335","6,251",515,12,"235,210","235,210","14,886","19,918","30,421","29,180","35,497","41,610","33,637","17,975","10,420","1,616",50
53,경기도,이천시,"222,148","222,148","16,275","21,766","29,824","30,297","34,925","35,858","30,455","14,013","7,663","1,045",27,"115,650","115,650","8,382","11,258","17,176","16,583","18,227","18,584","15,687","6,629","2,854",264,6,"106,498","106,498","7,893","10,508","12,648","13,714","16,698","17,274","14,768","7,384","4,809",781,21
54,경기도,파주시,"496,450","496,450","41,832","51,616","58,257","69,446","84,811","80,873","59,858","30,050","17,144","2,489",74,"251,832","251,832","21,398","26,294","31,633","36,263","43,597","42,091","30,103","13,388","6,431",613,21,"244,618","244,618","20,434","25,322","26,624","33,183","41,214","38,782","29,755","16,662","10,713","1,876",53
55,경기도,평택시,"583,029","583,029","49,236","55,672","77,663","90,132","100,773","95,209","65,927","29,934","16,216","2,205",62,"305,849","305,849","25,037","28,522","43,672","50,478","54,368","50,384","33,550","13,387","5,927",511,13,"277,180","277,180","24,199","27,150","33,991","39,654","46,405","44,825","32,377","16,547","10,289","1,694",49
56,경기도,포천시,"145,614","145,614","7,133","11,005","16,801","14,075","18,350","28,315","28,683","12,696","7,414","1,107",35,"77,170","77,170","3,694","5,772","9,596","7,992","9,883","15,508","15,644","6,099","2,704",268,10,"68,444","68,444","3,439","5,233","7,205","6,083","8,467","12,807","13,039","6,597","4,710",839,25
57,경기도,하남시,"326,768","326,768","31,635","30,708","36,464","51,949","60,308","47,265","40,877","19,182","7,197","1,144",39,"162,956","162,956","16,179","15,509","18,214","25,843","31,087","23,897","19,722","9,506","2,766",228,5,"163,812","163,812","15,456","15,199","18,250","26,106","29,221","23,368","21,155","9,676","4,431",916,34
58,경기도,화성시,"922,231","922,231","96,978","107,441","110,109","151,668","180,807","131,884","86,699","36,628","17,388","2,547",82,"479,113","479,113","49,508","54,716","59,648","80,034","95,290","70,841","44,632","17,393","6,517",515,19,"443,118","443,118","47,470","52,725","50,461","71,634","85,517","61,043","42,067","19,235","10,871","2,032",63
59,경상남도,거제시,"235,350","235,350","20,628","28,048","20,681","28,117","46,553","41,450","30,737","12,469","5,700",944,23,"123,130","123,130","10,682","14,641","11,829","14,537","24,945","22,662","15,712","6,080","1,867",170,5,"112,220","112,220","9,946","13,407","8,852","13,580","21,608","18,788","15,025","6,389","3,833",774,18
60,경상남도,거창군,"60,462","60,462","3,153","5,768","5,320","4,504","7,152","10,111","11,267","7,044","5,256",866,21,"29,741","29,741","1,632","3,173","3,133","2,368","3,594","5,279","5,655","3,072","1,641",192,2,"30,721","30,721","1,521","2,595","2,187","2,136","3,558","4,832","5,612","3,972","3,615",674,19
61,경상남도,고성군,"50,115","50,115","1,904","3,966","3,460","3,112","5,898","8,865","10,651","6,889","4,569",791,10,"25,197","25,197",935,"2,170","2,050","1,699","3,232","4,893","5,416","3,202","1,458",140,2,"24,918","24,918",969,"1,796","1,410","1,413","2,666","3,972","5,235","3,687","3,111",651,8
62,경상남도,김해시,"533,541","533,541","41,561","59,747","61,852","63,507","93,730","100,498","68,554","28,855","13,496","1,707",34,"269,766","269,766","21,372","30,766","33,976","33,159","46,672","50,924","35,132","13,042","4,392",327,4,"263,775","263,775","20,189","28,981","27,876","30,348","47,058","49,574","33,422","15,813","9,104","1,380",30
63,경상남도,남해군,"41,425","41,425","1,408","2,698","2,717","2,238","4,061","6,749","8,912","6,564","5,048","1,015",15,"20,158","20,158",738,"1,493","1,700","1,184","2,138","3,690","4,473","2,988","1,569",185,0,"21,267","21,267",670,"1,205","1,017","1,054","1,923","3,059","4,439","3,576","3,479",830,15
64,경상남도,밀양시,"102,707","102,707","4,722","7,388","7,897","8,015","12,346","17,740","22,516","13,286","7,701","1,077",19,"50,580","50,580","2,398","3,880","4,589","4,311","6,492","9,106","11,084","6,047","2,477",194,2,"52,127","52,127","2,324","3,508","3,308","3,704","5,854","8,634","11,432","7,239","5,224",883,17
65,경상남도,사천시,"109,068","109,068","6,785","10,108","9,748","10,545","16,912","18,479","18,123","10,955","6,394","1,001",18,"55,128","55,128","3,493","5,241","5,925","5,802","8,852","9,907","8,877","4,804","2,060",166,1,"53,940","53,940","3,292","4,867","3,823","4,743","8,060","8,572","9,246","6,151","4,334",835,17
66,경상남도,산청군,"34,109","34,109","1,066","1,918","2,051","1,841","3,105","6,065","8,200","5,200","3,984",662,17,"16,918","16,918",557,"1,049","1,180","1,013","1,687","3,317","4,307","2,457","1,234",113,4,"17,191","17,191",509,869,871,828,"1,418","2,748","3,893","2,743","2,750",549,13
67,경상남도,양산시,"353,816","353,816","29,956","35,445","35,962","44,860","61,932","60,295","49,732","23,517","10,755","1,326",36,"177,137","177,137","15,368","18,136","19,357","23,134","31,527","30,248","24,476","10,754","3,845",287,5,"176,679","176,679","14,588","17,309","16,605","21,726","30,405","30,047","25,256","12,763","6,910","1,039",31
68,경상남도,의령군,"25,898","25,898",898,"1,374","1,547","1,551","2,567","4,336","6,059","3,837","3,159",554,16,"12,853","12,853",485,735,930,821,"1,467","2,419","3,248","1,735",898,110,5,"13,045","13,045",413,639,617,730,"1,100","1,917","2,811","2,102","2,261",444,11
69,경상남도,진주시,"342,923","342,923","24,584","34,363","41,888","39,389","51,750","56,992","50,972","26,867","14,038","2,029",51,"169,482","169,482","12,694","17,969","23,030","20,554","25,683","28,227","24,425","11,880","4,620",392,8,"173,441","173,441","11,890","16,394","18,858","18,835","26,067","28,765","26,547","14,987","9,418","1,637",43
70,경상남도,창녕군,"57,998","57,998","2,475","3,841","3,674","4,182","6,449","10,036","13,124","8,018","5,373",811,15,"28,982","28,982","1,275","2,016","2,184","2,343","3,583","5,456","6,657","3,672","1,646",149,1,"29,016","29,016","1,200","1,825","1,490","1,839","2,866","4,580","6,467","4,346","3,727",662,14
71,경상남도,창원시,"1,017,273","1,017,273","71,205","97,091","115,224","123,935","163,661","180,926","159,483","71,129","30,447","4,095",77,"515,053","515,053","36,631","50,589","64,782","66,169","83,741","89,684","78,770","33,267","10,633",775,12,"502,220","502,220","34,574","46,502","50,442","57,766","79,920","91,242","80,713","37,862","19,814","3,320",65
73,경상남도,통영시,"121,903","121,903","7,204","12,494","9,547","10,724","20,031","21,572","22,181","11,858","5,571",706,15,"61,225","61,225","3,611","6,453","5,418","5,501","10,628","11,325","10,786","5,552","1,824",127,0,"60,678","60,678","3,593","6,041","4,129","5,223","9,403","10,247","11,395","6,306","3,747",579,15
74,경상남도,하동군,"42,235","42,235","1,398","2,499","2,654","2,339","4,127","7,650","9,803","6,243","4,646",859,17,"21,146","21,146",721,"1,363","1,569","1,292","2,283","4,215","5,172","2,894","1,473",163,1,"21,089","21,089",677,"1,136","1,085","1,047","1,844","3,435","4,631","3,349","3,173",696,16
75,경상남도,함안군,"61,100","61,100","3,073","5,572","4,570","4,513","8,427","10,871","12,164","6,768","4,414",720,8,"31,250","31,250","1,573","2,958","2,724","2,387","4,460","6,021","6,484","3,150","1,360",131,2,"29,850","29,850","1,500","2,614","1,846","2,126","3,967","4,850","5,680","3,618","3,054",589,6
76,경상남도,함양군,"37,386","37,386","1,473","2,701","2,525","2,214","3,859","6,497","7,992","5,302","4,158",649,16,"18,137","18,137",737,"1,437","1,449","1,159","2,054","3,518","4,054","2,332","1,270",124,3,"19,249","19,249",736,"1,264","1,076","1,055","1,805","2,979","3,938","2,970","2,888",525,13
77,경상남도,합천군,"41,919","41,919","1,301","2,173","2,472","2,151","3,737","6,916","9,825","6,863","5,643",812,26,"20,397","20,397",680,"1,149","1,427","1,194","2,098","3,887","5,107","3,024","1,668",161,2,"21,522","21,522",621,"1,024","1,045",957,"1,639","3,029","4,718","3,839","3,975",651,24
78,경상북도,경산시,"267,717","267,717","17,917","23,022","35,610","31,718","40,487","46,137","39,386","21,092","10,929","1,393",26,"134,757","134,757","9,149","11,818","19,630","17,221","20,766","23,065","19,422","9,516","3,844",325,1,"132,960","132,960","8,768","11,204","15,980","14,497","19,721","23,072","19,964","11,576","7,085","1,068",25
79,경상북도,경주시,"248,794","248,794","14,080","19,826","23,502","23,380","34,311","46,076","45,305","25,449","14,724","2,088",53,"124,489","124,489","7,238","10,327","13,218","12,552","17,835","23,771","22,693","11,515","4,872",462,6,"124,305","124,305","6,842","9,499","10,284","10,828","16,476","22,305","22,612","13,934","9,852","1,626",47
80,경상북도,고령군,"30,320","30,320","1,157","1,819","2,117","1,918","3,388","5,563","6,842","4,269","2,841",397,9,"15,589","15,589",602,975,"1,223","1,061","1,859","3,170","3,652","2,030",925,91,1,"14,731","14,731",555,844,894,857,"1,529","2,393","3,190","2,239","1,916",306,8
81,경상북도,구미시,"407,044","407,044","34,562","43,938","50,824","59,794","72,029","70,512","47,113","17,694","9,193","1,343",42,"209,642","209,642","17,765","22,931","29,058","32,096","36,477","35,741","24,215","8,118","2,975",266,0,"197,402","197,402","16,797","21,007","21,766","27,698","35,552","34,771","22,898","9,576","6,218","1,077",42
82,경상북도,군위군,"23,238","23,238",584,893,"1,277","1,239","1,902","4,061","5,990","3,999","2,898",387,8,"11,941","11,941",317,479,760,724,"1,099","2,309","3,245","1,908","1,017",83,0,"11,297","11,297",267,414,517,515,803,"1,752","2,745","2,091","1,881",304,8
83,경상북도,김천시,"139,017","139,017","9,159","12,333","12,981","13,947","18,940","23,198","24,164","13,977","8,902","1,381",35,"69,805","69,805","4,745","6,669","7,358","7,371","9,854","12,130","12,068","6,356","2,944",304,6,"69,212","69,212","4,414","5,664","5,623","6,576","9,086","11,068","12,096","7,621","5,958","1,077",29
84,경상북도,문경시,"69,881","69,881","3,463","5,333","5,692","5,085","8,206","11,515","14,265","9,190","6,205",894,33,"34,402","34,402","1,773","2,905","3,201","2,710","4,324","6,042","7,119","4,090","2,044",189,5,"35,479","35,479","1,690","2,428","2,491","2,375","3,882","5,473","7,146","5,100","4,161",705,28
85,경상북도,봉화군,"30,037","30,037","1,060","1,709","1,666","1,592","2,843","5,083","7,420","4,621","3,471",556,16,"15,264","15,264",567,878,"1,023",885,"1,627","2,809","3,944","2,185","1,211",134,1,"14,773","14,773",493,831,643,707,"1,216","2,274","3,476","2,436","2,260",422,15
86,경상북도,상주시,"94,684","94,684","4,518","7,319","7,147","6,678","10,563","15,692","19,618","12,455","9,174","1,475",45,"46,636","46,636","2,355","3,872","4,190","3,606","5,594","8,309","9,845","5,609","2,962",291,3,"48,048","48,048","2,163","3,447","2,957","3,072","4,969","7,383","9,773","6,846","6,212","1,184",42
87,경상북도,성주군,"42,556","42,556","1,630","2,182","2,753","3,007","4,327","7,736","10,325","6,217","3,742",621,16,"22,166","22,166",832,"1,167","1,671","1,701","2,528","4,322","5,535","2,979","1,298",128,5,"20,390","20,390",798,"1,015","1,082","1,306","1,799","3,414","4,790","3,238","2,444",493,11
88,경상북도,안동시,"153,993","153,993","8,954","13,081","15,153","14,129","20,907","25,300","27,100","16,780","10,897","1,656",36,"76,096","76,096","4,615","6,885","8,199","7,477","10,690","13,111","13,331","7,562","3,874",347,5,"77,897","77,897","4,339","6,196","6,954","6,652","10,217","12,189","13,769","9,218","7,023","1,309",31
89,경상북도,영덕군,"34,515","34,515","1,324","1,911","2,026","2,034","3,394","5,803","7,588","5,504","4,316",602,13,"16,440","16,440",658,991,"1,190","1,064","1,819","3,159","3,732","2,317","1,387",123,0,"18,075","18,075",666,920,836,970,"1,575","2,644","3,856","3,187","2,929",479,13
90,경상북도,영양군,"15,912","15,912",586,894,924,909,"1,485","2,712","3,676","2,469","1,969",272,16,"7,934","7,934",302,455,531,502,858,"1,571","1,874","1,111",669,58,3,"7,978","7,978",284,439,393,407,627,"1,141","1,802","1,358","1,300",214,13
91,경상북도,영주시,"100,847","100,847","5,205","8,762","9,067","7,728","12,836","17,025","19,230","12,155","7,668","1,135",36,"50,002","50,002","2,699","4,564","5,227","4,226","6,549","8,849","9,359","5,528","2,744",250,7,"50,845","50,845","2,506","4,198","3,840","3,502","6,287","8,176","9,871","6,627","4,924",885,29
92,경상북도,영천시,"100,956","100,956","5,244","6,437","8,659","8,869","11,811","17,818","20,289","12,887","7,876","1,048",18,"51,379","51,379","2,675","3,400","5,153","4,804","6,504","9,593","10,388","5,997","2,636",228,1,"49,577","49,577","2,569","3,037","3,506","4,065","5,307","8,225","9,901","6,890","5,240",820,17
93,경상북도,예천군,"55,651","55,651","4,117","4,600","3,941","5,093","7,261","7,684","10,004","6,674","5,445",809,23,"27,353","27,353","2,037","2,423","2,207","2,620","3,756","4,124","5,062","3,094","1,866",161,3,"28,298","28,298","2,080","2,177","1,734","2,473","3,505","3,560","4,942","3,580","3,579",648,20
94,경상북도,울릉군,"9,034","9,034",318,428,815,790,"1,247","1,806","1,927","1,075",544,84,0,"5,015","5,015",167,218,515,482,776,"1,080","1,027",509,222,19,0,"4,019","4,019",151,210,300,308,471,726,900,566,322,65,0
95,경상북도,울진군,"46,824","46,824","2,466","3,322","3,954","3,811","5,731","8,150","9,117","5,402","4,097",763,11,"23,618","23,618","1,265","1,786","2,389","2,117","3,076","4,543","4,594","2,445","1,285",117,1,"23,206","23,206","1,201","1,536","1,565","1,694","2,655","3,607","4,523","2,957","2,812",646,10
96,경상북도,의성군,"49,954","49,954","1,709","2,056","2,522","2,879","4,228","7,806","12,427","8,673","6,679",953,22,"24,618","24,618",895,"1,080","1,475","1,600","2,435","4,354","6,372","3,913","2,286",206,2,"25,336","25,336",814,976,"1,047","1,279","1,793","3,452","6,055","4,760","4,393",747,20
97,경상북도,청도군,"41,665","41,665","1,283","2,168","2,349","2,370","4,090","6,942","10,182","6,891","4,601",777,12,"20,563","20,563",649,"1,104","1,347","1,296","2,287","3,678","5,243","3,274","1,540",145,0,"21,102","21,102",634,"1,064","1,002","1,074","1,803","3,264","4,939","3,617","3,061",632,12
98,경상북도,청송군,"24,225","24,225",848,"1,076","1,431","1,516","2,133","4,191","5,882","3,969","2,779",395,5,"12,158","12,158",449,563,868,913,"1,202","2,270","3,007","1,839",961,84,2,"12,067","12,067",399,513,563,603,931,"1,921","2,875","2,130","1,818",311,3
99,경상북도,칠곡군,"111,894","111,894","7,544","11,074","10,624","12,515","20,180","20,429","15,984","7,809","4,970",744,21,"58,570","58,570","3,873","5,810","6,254","6,804","10,869","11,096","8,462","3,589","1,639",173,1,"53,324","53,324","3,671","5,264","4,370","5,711","9,311","9,333","7,522","4,220","3,331",571,20
100,경상북도,포항시,"494,452","494,452","33,771","45,680","51,346","54,376","75,034","86,943","85,225","41,434","18,097","2,473",73,"250,619","250,619","17,474","23,978","29,772","29,414","38,065","43,674","41,663","19,763","6,334",470,12,"243,833","243,833","16,297","21,702","21,574","24,962","36,969","43,269","43,562","21,671","11,763","2,003",61
102,광주광역시,광산구,"399,149","399,149","33,580","50,207","56,223","50,337","73,094","69,095","38,920","17,496","8,925","1,242",30,"201,357","201,357","17,223","25,882","29,815","26,067","36,193","35,469","19,908","7,711","2,879",208,2,"197,792","197,792","16,357","24,325","26,408","24,270","36,901","33,626","19,012","9,785","6,046","1,034",28
103,광주광역시,남구,"211,563","211,563","15,512","22,526","25,541","23,809","33,898","32,766","29,527","18,070","8,665","1,212",37,"101,510","101,510","7,892","11,255","13,076","11,913","16,638","15,727","13,415","7,946","3,370",271,7,"110,053","110,053","7,620","11,271","12,465","11,896","17,260","17,039","16,112","10,124","5,295",941,30
104,광주광역시,동구,"106,247","106,247","7,544","7,555","14,779","14,155","14,600","15,739","15,359","10,214","5,550",732,20,"52,416","52,416","3,899","3,883","7,585","7,267","7,666","7,836","7,229","4,488","2,353",208,2,"53,831","53,831","3,645","3,672","7,194","6,888","6,934","7,903","8,130","5,726","3,197",524,18
105,광주광역시,북구,"423,723","423,723","30,076","40,574","57,434","53,172","65,350","71,336","58,445","30,645","14,649","1,984",58,"209,814","209,814","15,314","21,297","30,215","27,669","32,951","35,036","27,705","13,696","5,483",443,5,"213,909","213,909","14,762","19,277","27,219","25,503","32,399","36,300","30,740","16,949","9,166","1,541",53
106,광주광역시,서구,"286,826","286,826","18,374","28,830","42,064","34,115","45,389","49,814","37,297","20,015","9,545","1,341",42,"140,374","140,374","9,453","15,163","21,544","17,455","22,169","24,295","17,470","8,924","3,587",311,3,"146,452","146,452","8,921","13,667","20,520","16,660","23,220","25,519","19,827","11,091","5,958","1,030",39
107,대구광역시,남구,"141,631","141,631","6,036","8,802","18,881","16,742","18,573","23,635","24,369","15,160","8,335","1,079",19,"67,764","67,764","3,139","4,529","9,212","8,964","9,309","11,630","11,230","6,426","3,057",268,0,"73,867","73,867","2,897","4,273","9,669","7,778","9,264","12,005","13,139","8,734","5,278",811,19
108,대구광역시,달서구,"536,483","536,483","33,997","51,639","69,696","61,777","81,966","99,324","80,867","37,595","17,462","2,122",38,"263,537","263,537","17,447","26,545","36,752","32,876","39,818","47,728","38,951","16,757","6,193",465,5,"272,946","272,946","16,550","25,094","32,944","28,901","42,148","51,596","41,916","20,838","11,269","1,657",33
109,대구광역시,달성군,"262,617","262,617","26,325","25,674","26,403","38,252","45,666","41,299","34,719","15,913","7,351",997,18,"133,230","133,230","13,386","13,344","14,669","20,171","23,699","20,634","17,164","7,456","2,487",216,4,"129,387","129,387","12,939","12,330","11,734","18,081","21,967","20,665","17,555","8,457","4,864",781,14
110,대구광역시,동구,"338,782","338,782","22,233","26,092","37,852","42,402","50,210","55,854","54,653","32,045","15,613","1,787",41,"166,214","166,214","11,318","13,598","19,927","22,669","25,706","27,427","25,343","14,071","5,730",419,6,"172,568","172,568","10,915","12,494","17,925","19,733","24,504","28,427","29,310","17,974","9,883","1,368",35
111,대구광역시,북구,"428,117","428,117","28,382","40,734","58,368","49,771","66,241","77,817","60,283","30,090","14,673","1,713",45,"212,687","212,687","14,455","21,003","31,491","26,759","32,543","38,391","29,352","13,019","5,314",357,3,"215,430","215,430","13,927","19,731","26,877","23,012","33,698","39,426","30,931","17,071","9,359","1,356",42
112,대구광역시,서구,"158,546","158,546","6,072","9,442","17,443","16,213","19,847","30,145","32,305","17,913","8,292",853,21,"78,857","78,857","3,186","4,794","9,430","9,289","10,702","15,290","15,266","7,742","2,998",158,2,"79,689","79,689","2,886","4,648","8,013","6,924","9,145","14,855","17,039","10,171","5,294",695,19
113,대구광역시,수성구,"409,977","409,977","26,637","47,950","48,855","40,507","67,128","74,547","55,888","30,314","15,872","2,229",50,"197,896","197,896","13,738","25,114","26,065","20,407","30,663","35,710","26,432","13,242","5,955",565,5,"212,081","212,081","12,899","22,836","22,790","20,100","36,465","38,837","29,456","17,072","9,917","1,664",45
114,대구광역시,중구,"82,835","82,835","5,985","5,825","12,237","12,686","11,986","12,046","10,578","7,152","3,793",530,17,"39,691","39,691","3,022","2,918","5,732","6,585","6,013","5,958","4,922","2,958","1,437",145,1,"43,144","43,144","2,963","2,907","6,505","6,101","5,973","6,088","5,656","4,194","2,356",385,16
118,대전광역시,대덕구,"171,679","171,679","9,609","14,933","22,251","19,565","24,660","32,680","27,917","12,738","6,462",838,26,"87,321","87,321","4,913","7,789","12,264","10,886","12,754","16,538","13,781","5,891","2,318",186,1,"84,358","84,358","4,696","7,144","9,987","8,679","11,906","16,142","14,136","6,847","4,144",652,25
119,대전광역시,동구,"219,576","219,576","12,986","19,335","28,964","24,452","32,222","35,904","35,058","19,516","9,842","1,261",36,"110,597","110,597","6,755","9,900","15,486","13,232","16,789","18,590","17,005","8,868","3,654",311,7,"108,979","108,979","6,231","9,435","13,478","11,220","15,433","17,314","18,053","10,648","6,188",950,29
120,대전광역시,서구,"469,386","469,386","33,326","47,176","70,226","63,521","74,531","76,502","61,128","27,835","13,184","1,905",52,"230,420","230,420","17,168","24,209","35,661","32,650","36,207","37,061","29,205","12,796","5,019",436,8,"238,966","238,966","16,158","22,967","34,565","30,871","38,324","39,441","31,923","15,039","8,165","1,469",44
121,대전광역시,유성구,"358,798","358,798","32,064","38,062","52,844","55,630","60,332","56,354","39,851","15,065","7,297","1,264",35,"181,590","181,590","16,454","19,793","28,583","29,386","29,626","28,054","19,661","7,178","2,561",292,2,"177,208","177,208","15,610","18,269","24,261","26,244","30,706","28,300","20,190","7,887","4,736",972,33
122,대전광역시,중구,"226,080","226,080","12,767","20,176","28,529","24,221","33,697","38,208","35,272","20,904","10,825","1,437",44,"111,123","111,123","6,514","10,332","14,474","12,581","16,964","19,380","16,908","9,388","4,185",386,11,"114,957","114,957","6,253","9,844","14,055","11,640","16,733","18,828","18,364","11,516","6,640","1,051",33
123,부산광역시,강서구,"142,935","142,935","18,224","14,260","11,813","24,377","28,170","17,077","17,629","7,795","3,107",473,10,"74,079","74,079","9,379","7,313","6,460","12,383","15,543","9,010","8,861","3,920","1,117",91,2,"68,856","68,856","8,845","6,947","5,353","11,994","12,627","8,067","8,768","3,875","1,990",382,8
124,부산광역시,금정구,"219,936","219,936","10,567","16,609","29,562","22,605","29,369","36,898","39,791","22,844","10,377","1,285",29,"107,415","107,415","5,405","8,491","16,026","11,990","14,698","17,635","18,569","10,320","3,982",294,5,"112,521","112,521","5,162","8,118","13,536","10,615","14,671","19,263","21,222","12,524","6,395",991,24
125,부산광역시,기장군,"179,148","179,148","16,732","18,761","16,683","22,960","33,622","26,055","23,570","13,716","6,150",870,29,"88,758","88,758","8,541","9,696","8,885","11,526","17,047","13,401","11,006","6,262","2,214",177,3,"90,390","90,390","8,191","9,065","7,798","11,434","16,575","12,654","12,564","7,454","3,936",693,26
130,부산광역시,남구,"256,332","256,332","14,779","22,465","32,981","26,634","38,688","41,365","41,289","25,543","11,309","1,251",28,"125,071","125,071","7,571","11,496","17,435","13,721","19,355","20,453","18,980","11,292","4,474",289,5,"131,261","131,261","7,208","10,969","15,546","12,913","19,333","20,912","22,309","14,251","6,835",962,23
131,부산광역시,동구,"85,839","85,839","3,732","4,598","9,526","10,221","11,189","13,793","15,927","10,734","5,464",637,18,"41,889","41,889","1,925","2,376","4,689","5,389","6,027","7,171","7,572","4,657","1,932",145,6,"43,950","43,950","1,807","2,222","4,837","4,832","5,162","6,622","8,355","6,077","3,532",492,12
132,부산광역시,동래구,"273,195","273,195","19,148","25,534","29,751","32,159","43,938","43,797","43,136","24,371","10,101","1,226",34,"132,146","132,146","9,826","13,263","15,190","16,195","21,428","21,170","19,763","11,096","3,942",269,4,"141,049","141,049","9,322","12,271","14,561","15,964","22,510","22,627","23,373","13,275","6,159",957,30
133,부산광역시,부산진구,"357,626","357,626","19,667","24,172","50,227","49,048","50,024","55,913","58,685","32,831","15,311","1,715",33,"171,814","171,814","10,043","12,188","23,865","24,984","25,397","27,246","27,384","14,604","5,688",410,5,"185,812","185,812","9,624","11,984","26,362","24,064","24,627","28,667","31,301","18,227","9,623","1,305",28
134,부산광역시,북구,"277,756","277,756","16,979","21,753","32,144","33,125","38,137","49,954","50,800","23,561","10,072","1,200",31,"136,670","136,670","8,720","11,277","17,086","17,418","19,141","23,469","24,742","10,943","3,659",213,2,"141,086","141,086","8,259","10,476","15,058","15,707","18,996","26,485","26,058","12,618","6,413",987,29
135,부산광역시,사상구,"203,455","203,455","9,844","14,103","25,759","23,568","27,201","36,730","39,658","18,828","7,008",735,21,"102,311","102,311","5,076","7,262","13,639","12,798","14,343","18,227","19,656","8,643","2,525",140,2,"101,144","101,144","4,768","6,841","12,120","10,770","12,858","18,503","20,002","10,185","4,483",595,19
136,부산광역시,사하구,"301,929","301,929","16,694","24,118","35,551","33,756","43,563","51,603","54,797","28,703","11,675","1,438",31,"149,953","149,953","8,663","12,375","19,125","17,930","22,418","25,400","26,173","13,287","4,287",292,3,"151,976","151,976","8,031","11,743","16,426","15,826","21,145","26,203","28,624","15,416","7,388","1,146",28
139,부산광역시,서구,"104,798","104,798","5,116","7,120","12,423","10,427","13,944","16,843","19,379","12,489","6,253",784,20,"50,503","50,503","2,698","3,623","5,993","5,360","7,137","8,587","9,169","5,466","2,295",167,8,"54,295","54,295","2,418","3,497","6,430","5,067","6,807","8,256","10,210","7,023","3,958",617,12
140,부산광역시,수영구,"175,388","175,388","9,407","11,538","22,994","23,718","24,622","26,710","29,050","18,258","8,044","1,020",27,"82,322","82,322","4,769","5,960","10,864","11,870","12,063","12,494","12,771","8,078","3,178",265,10,"93,066","93,066","4,638","5,578","12,130","11,848","12,559","14,216","16,279","10,180","4,866",755,17
143,부산광역시,연제구,"203,115","203,115","12,686","16,091","22,959","25,137","30,798","32,732","33,820","19,399","8,537",933,23,"97,330","97,330","6,419","8,182","11,507","12,692","15,105","15,569","15,509","8,694","3,455",194,4,"105,785","105,785","6,267","7,909","11,452","12,445","15,693","17,163","18,311","10,705","5,082",739,19
144,부산광역시,영도구,"107,632","107,632","4,449","6,844","10,341","9,780","13,875","17,825","22,146","14,666","6,921",765,20,"52,942","52,942","2,245","3,529","5,666","5,315","7,271","9,214","10,596","6,424","2,519",161,2,"54,690","54,690","2,204","3,315","4,675","4,465","6,604","8,611","11,550","8,242","4,402",604,18
145,부산광역시,중구,"39,589","39,589",960,"1,829","5,709","4,342","4,689","6,480","7,839","5,025","2,377",330,9,"19,172","19,172",528,892,"2,709","2,293","2,548","3,372","3,737","2,162",849,82,0,"20,417","20,417",432,937,"3,000","2,049","2,141","3,108","4,102","2,863","1,528",248,9
146,부산광역시,해운대구,"384,866","384,866","24,491","36,053","42,294","42,278","61,115","67,703","61,339","32,597","15,013","1,927",56,"184,555","184,555","12,576","18,637","22,064","20,768","29,100","32,145","28,858","14,544","5,428",423,12,"200,311","200,311","11,915","17,416","20,230","21,510","32,015","35,558","32,481","18,053","9,585","1,504",44
147,서울특별시,강남구,"532,798","532,798","32,501","60,485","67,638","76,352","97,184","83,564","61,501","37,136","14,112","2,241",84,"254,811","254,811","16,749","31,566","32,118","35,486","44,516","41,845","28,414","17,181","6,331",589,16,"277,987","277,987","15,752","28,919","35,520","40,866","52,668","41,719","33,087","19,955","7,781","1,652",68
148,서울특별시,강동구,"459,982","459,982","32,127","39,138","57,390","68,918","74,917","70,617","68,119","34,174","12,639","1,869",74,"225,091","225,091","16,654","20,673","27,799","34,107","37,346","34,676","31,920","16,347","5,150",403,16,"234,891","234,891","15,473","18,465","29,591","34,811","37,571","35,941","36,199","17,827","7,489","1,466",58
149,서울특별시,강북구,"292,762","292,762","12,562","19,902","39,432","35,711","41,554","50,701","47,617","29,406","14,306","1,528",43,"142,028","142,028","6,437","10,100","19,063","18,778","21,376","25,088","22,404","12,594","5,757",418,13,"150,734","150,734","6,125","9,802","20,369","16,933","20,178","25,613","25,213","16,812","8,549","1,110",30
150,서울특별시,강서구,"568,287","568,287","32,942","42,837","81,790","97,310","87,858","83,233","80,225","42,026","17,359","2,631",76,"272,693","272,693","16,771","21,851","37,237","48,728","44,048","40,321","36,953","19,559","6,620",587,18,"295,594","295,594","16,171","20,986","44,553","48,582","43,810","42,912","43,272","22,467","10,739","2,044",58
151,서울특별시,관악구,"487,815","487,815","17,619","26,551","110,835","87,671","63,216","66,054","60,494","37,166","16,427","1,723",59,"245,376","245,376","9,113","13,465","53,841","48,745","33,871","33,776","28,357","16,709","7,054",434,11,"242,439","242,439","8,506","13,086","56,994","38,926","29,345","32,278","32,137","20,457","9,373","1,289",48
152,서울특별시,광진구,"336,801","336,801","16,106","24,388","59,917","54,588","48,917","52,990","45,054","22,868","10,627","1,305",41,"162,209","162,209","8,312","12,294","27,931","27,204","24,026","25,795","21,520","10,440","4,315",359,13,"174,592","174,592","7,794","12,094","31,986","27,384","24,891","27,195","23,534","12,428","6,312",946,28
153,서울특별시,구로구,"395,183","395,183","23,805","28,622","52,333","61,503","59,814","61,703","58,416","33,371","13,924","1,645",47,"194,039","194,039","12,255","14,553","25,310","31,455","30,531","30,568","27,581","15,597","5,771",411,7,"201,144","201,144","11,550","14,069","27,023","30,048","29,283","31,135","30,835","17,774","8,153","1,234",40
154,서울특별시,금천구,"229,307","229,307","10,490","13,324","36,036","37,593","30,408","38,064","35,831","18,590","8,012",929,30,"115,624","115,624","5,402","6,708","17,559","20,731","16,224","19,132","17,649","8,672","3,285",256,6,"113,683","113,683","5,088","6,616","18,477","16,862","14,184","18,932","18,182","9,918","4,727",673,24
155,서울특별시,노원구,"502,515","502,515","27,708","49,078","67,564","61,405","77,679","86,059","72,433","38,630","19,137","2,738",84,"241,532","241,532","14,259","25,391","34,444","30,683","37,044","41,547","33,631","16,924","6,910",683,16,"260,983","260,983","13,449","23,687","33,120","30,722","40,635","44,512","38,802","21,706","12,227","2,055",68
156,서울특별시,도봉구,"310,509","310,509","15,140","23,226","38,787","38,125","43,908","54,541","52,478","28,324","14,113","1,815",52,"150,806","150,806","7,870","11,979","19,427","19,604","21,928","26,135","24,694","13,021","5,648",488,12,"159,703","159,703","7,270","11,247","19,360","18,521","21,980","28,406","27,784","15,303","8,465","1,327",40
157,서울특별시,동대문구,"337,574","337,574","18,351","23,122","56,613","48,418","48,243","51,761","47,931","27,852","13,653","1,574",56,"165,933","165,933","9,326","11,663","27,152","24,988","24,859","26,149","23,368","12,463","5,518",436,11,"171,641","171,641","9,025","11,459","29,461","23,430","23,384","25,612","24,563","15,389","8,135","1,138",45
158,서울특별시,동작구,"380,201","380,201","20,989","26,740","64,306","59,507","55,630","57,058","50,367","29,905","13,826","1,812",61,"183,900","183,900","10,705","13,662","31,122","30,143","27,854","27,674","23,299","13,108","5,826",492,15,"196,301","196,301","10,284","13,078","33,184","29,364","27,776","29,384","27,068","16,797","8,000","1,320",46
159,서울특별시,마포구,"365,570","365,570","21,511","27,377","60,029","63,294","58,057","55,464","41,989","23,405","12,690","1,691",63,"171,215","171,215","10,988","13,731","26,552","29,840","28,118","27,057","19,682","9,813","4,937",483,14,"194,355","194,355","10,523","13,646","33,477","33,454","29,939","28,407","22,307","13,592","7,753","1,208",49
160,서울특별시,서대문구,"308,437","308,437","18,456","22,822","49,053","44,750","45,217","49,009","41,029","23,359","13,069","1,616",57,"146,732","146,732","9,354","11,399","22,968","22,077","22,245","23,756","19,380","10,001","5,093",447,12,"161,705","161,705","9,102","11,423","26,085","22,673","22,972","25,253","21,649","13,358","7,976","1,169",45
161,서울특별시,서초구,"404,831","404,831","28,584","44,640","49,898","56,623","72,773","63,640","47,709","27,904","11,283","1,719",58,"193,158","193,158","14,678","22,645","23,914","26,070","33,762","31,505","22,136","12,847","5,093",499,9,"211,673","211,673","13,906","21,995","25,984","30,553","39,011","32,135","25,573","15,057","6,190","1,220",49
162,서울특별시,성동구,"280,240","280,240","17,763","18,679","41,933","45,283","41,922","44,916","38,396","20,122","9,966","1,215",45,"136,233","136,233","9,133","9,293","20,540","22,126","21,029","22,181","18,745","8,988","3,861",324,13,"144,007","144,007","8,630","9,386","21,393","23,157","20,893","22,735","19,651","11,134","6,105",891,32
163,서울특별시,성북구,"430,100","430,100","25,405","36,358","65,558","57,007","65,381","70,452","57,728","33,097","16,922","2,139",53,"206,634","206,634","12,961","18,367","31,137","28,594","32,001","34,833","27,073","14,423","6,677",557,11,"223,466","223,466","12,444","17,991","34,421","28,413","33,380","35,619","30,655","18,674","10,245","1,582",42
164,서울특별시,송파구,"658,006","658,006","45,382","58,115","86,710","105,145","107,470","101,433","89,441","44,880","16,705","2,632",93,"316,564","316,564","23,467","29,661","40,875","50,203","52,058","49,039","41,890","21,722","7,012",623,14,"341,442","341,442","21,915","28,454","45,835","54,942","55,412","52,394","47,551","23,158","9,693","2,009",79
165,서울특별시,양천구,"439,219","439,219","26,570","48,263","54,015","53,755","73,797","74,974","62,209","31,193","12,540","1,846",57,"214,703","214,703","13,652","25,133","27,268","26,682","35,306","37,152","29,624","14,637","4,815",424,10,"224,516","224,516","12,918","23,130","26,747","27,073","38,491","37,822","32,585","16,556","7,725","1,422",47
166,서울특별시,영등포구,"376,614","376,614","23,158","23,523","58,009","70,048","54,946","55,462","48,922","27,555","13,284","1,661",46,"184,973","184,973","11,870","12,168","26,456","35,457","28,269","28,206","23,879","12,690","5,471",494,13,"191,641","191,641","11,288","11,355","31,553","34,591","26,677","27,256","25,043","14,865","7,813","1,167",33
167,서울특별시,용산구,"217,756","217,756","11,694","14,163","31,403","37,863","32,240","35,148","29,408","15,495","8,934","1,360",48,"104,640","104,640","5,950","7,175","14,546","18,848","15,898","17,258","14,341","6,802","3,417",396,9,"113,116","113,116","5,744","6,988","16,857","19,015","16,342","17,890","15,067","8,693","5,517",964,39
168,서울특별시,은평구,"464,871","464,871","25,119","36,086","62,641","65,507","71,168","76,618","67,683","38,767","19,129","2,103",50,"221,350","221,350","12,903","18,477","29,331","32,110","35,107","36,940","31,335","16,797","7,754",583,13,"243,521","243,521","12,216","17,609","33,310","33,397","36,061","39,678","36,348","21,970","11,375","1,520",37
169,서울특별시,종로구,"141,060","141,060","6,203","10,169","22,071","19,312","19,743","24,133","20,433","11,459","6,576",927,34,"68,170","68,170","3,118","5,024","10,444","9,639","9,545","11,984","10,289","5,158","2,665",293,11,"72,890","72,890","3,085","5,145","11,627","9,673","10,198","12,149","10,144","6,301","3,911",634,23
170,서울특별시,중구,"120,963","120,963","5,855","6,370","17,691","20,062","16,874","19,341","18,166","10,275","5,458",844,27,"58,699","58,699","2,985","3,148","8,195","10,062","8,566","9,733","9,055","4,673","2,048",227,7,"62,264","62,264","2,870","3,222","9,496","10,000","8,308","9,608","9,111","5,602","3,410",617,20
171,서울특별시,중랑구,"385,003","385,003","20,090","24,716","51,678","57,645","54,554","65,398","62,552","32,267","14,324","1,728",51,"189,186","189,186","10,220","12,630","24,911","29,564","28,382","32,284","30,261","14,765","5,751",409,9,"195,817","195,817","9,870","12,086","26,767","28,081","26,172","33,114","32,291","17,502","8,573","1,319",42
172,세종특별자치시,세종특별자치시,"385,609","385,609","45,662","49,474","38,149","60,745","77,234","52,370","36,415","15,871","8,199","1,449",41,"192,212","192,212","23,171","24,950","19,488","29,775","38,555","27,427","18,127","7,491","2,947",275,6,"193,397","193,397","22,491","24,524","18,661","30,970","38,679","24,943","18,288","8,380","5,252","1,174",35
176,울산광역시,남구,"309,906","309,906","20,993","28,556","39,984","40,658","47,961","59,376","46,225","18,543","6,838",760,12,"158,170","158,170","10,847","15,042","22,382","22,086","23,876","29,446","22,951","8,859","2,534",147,0,"151,736","151,736","10,146","13,514","17,602","18,572","24,085","29,930","23,274","9,684","4,304",613,12
177,울산광역시,동구,"151,009","151,009","12,008","15,789","15,590","19,190","26,572","23,993","24,535","9,906","3,043",374,9,"78,776","78,776","6,094","8,397","8,772","10,608","14,388","12,283","11,995","5,055","1,123",60,1,"72,233","72,233","5,914","7,392","6,818","8,582","12,184","11,710","12,540","4,851","1,920",314,8
178,울산광역시,북구,"218,747","218,747","22,064","24,521","24,306","31,301","39,724","38,916","25,137","8,658","3,587",519,14,"113,133","113,133","11,332","12,657","14,063","16,457","20,374","19,517","13,296","4,133","1,209",94,1,"105,614","105,614","10,732","11,864","10,243","14,844","19,350","19,399","11,841","4,525","2,378",425,13
179,울산광역시,울주군,"221,056","221,056","14,819","21,611","24,283","23,902","34,754","42,972","34,914","15,169","7,445","1,167",20,"114,360","114,360","7,650","11,148","13,943","12,875","17,895","22,490","18,256","7,354","2,532",216,1,"106,696","106,696","7,169","10,463","10,340","11,027","16,859","20,482","16,658","7,815","4,913",951,19
180,울산광역시,중구,"207,028","207,028","13,540","19,168","22,537","23,572","31,798","38,865","34,697","15,866","6,229",742,14,"104,692","104,692","6,950","10,230","12,644","12,583","16,215","19,240","16,969","7,361","2,348",151,1,"102,336","102,336","6,590","8,938","9,893","10,989","15,583","19,625","17,728","8,505","3,881",591,13
181,인천광역시,강화군,"69,541","69,541","2,924","4,479","4,777","5,022","7,415","11,308","16,083","10,167","6,327","1,008",31,"34,827","34,827","1,510","2,335","2,740","2,648","3,958","5,892","8,069","4,914","2,517",237,7,"34,714","34,714","1,414","2,144","2,037","2,374","3,457","5,416","8,014","5,253","3,810",771,24
182,인천광역시,계양구,"286,390","286,390","15,082","23,877","38,420","36,562","41,939","56,490","47,276","16,810","8,581","1,320",33,"142,585","142,585","7,693","12,100","20,228","19,300","21,147","27,297","23,855","7,831","2,853",275,6,"143,805","143,805","7,389","11,777","18,192","17,262","20,792","29,193","23,421","8,979","5,728","1,045",27
183,인천광역시,남동구,"502,526","502,526","32,615","47,313","63,312","63,955","83,269","87,175","74,177","33,440","14,908","2,288",74,"249,684","249,684","16,799","24,372","32,684","33,351","42,511","43,011","35,907","15,354","5,225",456,14,"252,842","252,842","15,816","22,941","30,628","30,604","40,758","44,164","38,270","18,086","9,683","1,832",60
184,인천광역시,동구,"59,383","59,383","3,060","4,745","6,019","6,542","9,194","9,620","10,127","6,424","3,182",458,12,"29,878","29,878","1,612","2,449","3,263","3,536","4,893","5,122","4,939","2,806","1,167",88,3,"29,505","29,505","1,448","2,296","2,756","3,006","4,301","4,498","5,188","3,618","2,015",370,9
185,인천광역시,미추홀구,"404,867","404,867","24,150","31,393","53,740","54,741","62,874","66,688","61,277","32,287","15,491","2,159",67,"203,745","203,745","12,327","16,178","28,277","29,454","33,353","33,930","29,279","14,630","5,821",483,13,"201,122","201,122","11,823","15,215","25,463","25,287","29,521","32,758","31,998","17,657","9,670","1,676",54
186,인천광역시,부평구,"490,430","490,430","28,946","40,236","64,023","69,314","73,614","87,076","75,142","33,450","16,192","2,358",79,"241,789","241,789","14,798","20,873","32,584","36,181","37,296","42,154","36,337","15,353","5,708",489,16,"248,641","248,641","14,148","19,363","31,439","33,133","36,318","44,922","38,805","18,097","10,484","1,869",63
187,인천광역시,서구,"598,675","598,675","53,255","61,085","72,468","90,343","105,444","100,189","72,900","28,258","12,608","2,051",74,"301,945","301,945","27,272","31,308","37,287","46,088","54,358","50,488","36,900","13,444","4,386",399,15,"296,730","296,730","25,983","29,777","35,181","44,255","51,086","49,701","36,000","14,814","8,222","1,652",59
188,인천광역시,연수구,"388,239","388,239","34,424","44,293","47,684","53,932","68,872","65,114","46,982","17,001","8,403","1,481",53,"192,573","192,573","17,570","22,630","24,915","26,659","33,708","31,949","23,848","8,033","2,941",308,12,"195,666","195,666","16,854","21,663","22,769","27,273","35,164","33,165","23,134","8,968","5,462","1,173",41
189,인천광역시,옹진군,"20,506","20,506",752,"1,063","2,536","1,793","2,269","3,375","4,683","2,473","1,279",264,19,"11,710","11,710",376,589,"1,834","1,144","1,442","1,971","2,565","1,242",484,61,2,"8,796","8,796",376,474,702,649,827,"1,404","2,118","1,231",795,203,17
190,인천광역시,중구,"153,924","153,924","12,009","14,221","19,436","23,840","27,196","23,114","18,764","10,005","4,586",724,29,"79,754","79,754","6,242","7,238","9,953","12,924","14,622","12,709","9,487","4,704","1,715",153,7,"74,170","74,170","5,767","6,983","9,483","10,916","12,574","10,405","9,277","5,301","2,871",571,22
191,전라남도,강진군,"33,015","33,015","1,394","2,297","2,456","2,152","3,326","5,376","6,606","4,892","3,872",630,14,"16,025","16,025",681,"1,197","1,391","1,117","1,792","2,952","3,366","2,181","1,233",112,3,"16,990","16,990",713,"1,100","1,065","1,035","1,534","2,424","3,240","2,711","2,639",518,11
192,전라남도,고흥군,"61,615","61,615","2,144","3,473","3,551","3,207","5,670","9,621","13,345","10,770","8,318","1,469",47,"30,040","30,040","1,066","1,840","2,082","1,721","3,226","5,500","6,794","4,811","2,688",305,7,"31,575","31,575","1,078","1,633","1,469","1,486","2,444","4,121","6,551","5,959","5,630","1,164",40
193,전라남도,곡성군,"27,007","27,007",839,"1,694","2,037","1,557","2,673","4,639","5,583","3,917","3,448",600,20,"13,373","13,373",424,930,"1,128",840,"1,455","2,628","2,978","1,786","1,081",120,3,"13,634","13,634",415,764,909,717,"1,218","2,011","2,605","2,131","2,367",480,17
194,전라남도,광양시,"152,070","152,070","11,867","15,637","18,608","18,073","23,029","29,892","20,168","8,771","5,110",883,32,"79,487","79,487","6,027","8,086","10,727","9,760","12,092","16,090","10,689","4,185","1,680",150,1,"72,583","72,583","5,840","7,551","7,881","8,313","10,937","13,802","9,479","4,586","3,430",733,31
197,전라남도,구례군,"24,516","24,516",913,"1,652","1,687","1,332","2,531","4,376","5,099","3,603","2,879",433,11,"11,957","11,957",439,858,977,657,"1,368","2,409","2,632","1,620",903,93,1,"12,559","12,559",474,794,710,675,"1,163","1,967","2,467","1,983","1,976",340,10
198,전라남도,나주시,"116,842","116,842","9,177","9,953","11,505","14,043","17,085","17,545","17,782","11,058","7,504","1,158",32,"58,986","58,986","4,734","5,100","6,045","7,265","9,313","9,639","9,218","5,035","2,377",254,6,"57,856","57,856","4,443","4,853","5,460","6,778","7,772","7,906","8,564","6,023","5,127",904,26
199,전라남도,담양군,"45,655","45,655","1,988","2,924","4,043","3,379","4,898","8,114","9,209","6,001","4,405",664,30,"23,088","23,088",979,"1,497","2,369","1,734","2,747","4,498","4,874","2,780","1,449",158,3,"22,567","22,567","1,009","1,427","1,674","1,645","2,151","3,616","4,335","3,221","2,956",506,27
200,전라남도,목포시,"215,956","215,956","14,465","23,540","25,080","22,147","35,360","36,636","30,837","18,230","8,551","1,075",35,"107,353","107,353","7,493","12,017","13,620","11,266","18,237","18,684","14,664","8,106","3,026",237,3,"108,603","108,603","6,972","11,523","11,460","10,881","17,123","17,952","16,173","10,124","5,525",838,32
201,전라남도,무안군,"90,609","90,609","7,412","10,007","9,247","10,431","14,578","13,567","12,079","7,767","4,824",675,22,"45,526","45,526","3,836","5,055","4,982","5,214","7,639","7,417","6,139","3,608","1,525",111,0,"45,083","45,083","3,576","4,952","4,265","5,217","6,939","6,150","5,940","4,159","3,299",564,22
202,전라남도,보성군,"38,257","38,257","1,329","2,357","2,438","2,069","3,655","6,295","7,904","6,126","5,157",892,35,"18,760","18,760",694,"1,222","1,406","1,122","2,073","3,558","4,111","2,754","1,624",189,7,"19,497","19,497",635,"1,135","1,032",947,"1,582","2,737","3,793","3,372","3,533",703,28
203,전라남도,순천시,"278,649","278,649","21,010","28,850","34,535","31,979","41,288","49,110","38,950","19,533","11,516","1,830",48,"139,060","139,060","10,786","14,909","18,928","16,496","20,339","24,647","19,605","9,099","3,866",381,4,"139,589","139,589","10,224","13,941","15,607","15,483","20,949","24,463","19,345","10,434","7,650","1,449",44
204,전라남도,신안군,"37,844","37,844","1,290","1,916","2,377","2,314","3,987","6,751","8,248","5,968","4,403",571,19,"20,374","20,374",680,981,"1,450","1,423","2,676","4,187","4,627","2,834","1,410",102,4,"17,470","17,470",610,935,927,891,"1,311","2,564","3,621","3,134","2,993",469,15
205,전라남도,여수시,"273,917","273,917","18,070","25,053","30,875","28,584","39,635","47,706","43,828","25,650","12,588","1,871",57,"139,417","139,417","9,228","12,841","17,459","15,454","20,818","25,101","21,718","12,035","4,402",355,6,"134,500","134,500","8,842","12,212","13,416","13,130","18,817","22,605","22,110","13,615","8,186","1,516",51
206,전라남도,영광군,"52,258","52,258","3,480","3,987","4,612","4,521","6,232","8,466","9,037","6,625","4,684",583,31,"26,137","26,137","1,749","2,064","2,591","2,319","3,472","4,753","4,657","2,902","1,504",123,3,"26,121","26,121","1,731","1,923","2,021","2,202","2,760","3,713","4,380","3,723","3,180",460,28
207,전라남도,영암군,"52,491","52,491","2,781","4,171","4,730","4,063","7,103","9,531","9,105","6,008","4,359",626,14,"27,413","27,413","1,432","2,183","2,829","2,164","4,225","5,525","4,861","2,678","1,383",131,2,"25,078","25,078","1,349","1,988","1,901","1,899","2,878","4,006","4,244","3,330","2,976",495,12
208,전라남도,완도군,"47,334","47,334","2,596","3,390","3,247","3,238","5,699","7,640","8,989","6,957","4,883",678,17,"23,893","23,893","1,354","1,771","1,920","1,742","3,330","4,349","4,548","3,135","1,611",132,1,"23,441","23,441","1,242","1,619","1,327","1,496","2,369","3,291","4,441","3,822","3,272",546,16
209,전라남도,장성군,"42,948","42,948","2,090","3,062","3,777","3,183","5,015","7,467","8,029","5,556","4,182",570,17,"22,086","22,086","1,052","1,589","2,279","1,719","2,791","4,284","4,319","2,558","1,357",135,3,"20,862","20,862","1,038","1,473","1,498","1,464","2,224","3,183","3,710","2,998","2,825",435,14
210,전라남도,장흥군,"35,470","35,470","1,596","2,481","2,590","2,302","3,645","5,997","6,915","5,077","4,150",701,16,"17,303","17,303",804,"1,293","1,480","1,212","2,047","3,270","3,500","2,275","1,285",132,5,"18,167","18,167",792,"1,188","1,110","1,090","1,598","2,727","3,415","2,802","2,865",569,11
211,전라남도,진도군,"29,363","29,363","1,363","2,040","2,228","1,959","3,272","4,862","5,612","4,308","3,261",443,15,"14,646","14,646",644,"1,044","1,319","1,041","1,904","2,808","2,900","1,939",968,78,1,"14,717","14,717",719,996,909,918,"1,368","2,054","2,712","2,369","2,293",365,14
212,전라남도,함평군,"30,770","30,770","1,037","1,922","2,162","1,775","3,099","5,241","6,403","4,659","3,873",581,18,"15,551","15,551",527,"1,037","1,276",968,"1,824","3,114","3,435","2,033","1,220",116,1,"15,219","15,219",510,885,886,807,"1,275","2,127","2,968","2,626","2,653",465,17
213,전라남도,해남군,"65,485","65,485","3,121","4,813","4,951","4,184","7,304","11,059","12,901","9,408","6,762",952,30,"32,645","32,645","1,616","2,454","2,857","2,247","4,041","6,223","6,604","4,235","2,198",170,0,"32,840","32,840","1,505","2,359","2,094","1,937","3,263","4,836","6,297","5,173","4,564",782,30
214,전라남도,화순군,"61,801","61,801","2,884","5,254","6,356","4,493","7,432","11,356","10,824","7,014","5,415",750,23,"30,550","30,550","1,484","2,765","3,385","2,308","3,783","6,123","5,760","3,090","1,686",165,1,"31,251","31,251","1,400","2,489","2,971","2,185","3,649","5,233","5,064","3,924","3,729",585,22
215,전라북도,고창군,"52,205","52,205","2,196","3,853","3,646","3,349","5,474","8,666","10,411","7,687","5,945",942,36,"25,976","25,976","1,162","2,129","2,106","1,778","3,072","4,866","5,258","3,495","1,938",170,2,"26,229","26,229","1,034","1,724","1,540","1,571","2,402","3,800","5,153","4,192","4,007",772,34
221,전라북도,군산시,"261,601","261,601","17,464","25,703","27,388","26,859","41,688","44,596","40,567","23,617","11,820","1,852",47,"132,513","132,513","8,840","13,296","15,207","14,170","21,709","23,637","20,111","10,946","4,213",375,9,"129,088","129,088","8,624","12,407","12,181","12,689","19,979","20,959","20,456","12,671","7,607","1,477",38
224,전라북도,김제시,"81,893","81,893","3,654","5,950","7,114","6,238","9,477","13,335","15,886","10,850","7,962","1,388",39,"40,738","40,738","1,873","3,083","4,010","3,243","5,264","7,387","8,105","4,873","2,588",306,6,"41,155","41,155","1,781","2,867","3,104","2,995","4,213","5,948","7,781","5,977","5,374","1,082",33
225,전라북도,남원시,"77,549","77,549","4,060","6,743","6,631","5,724","9,575","13,339","14,055","9,408","6,912","1,060",42,"38,024","38,024","2,121","3,510","3,675","2,936","4,827","7,123","7,142","4,195","2,251",233,11,"39,525","39,525","1,939","3,233","2,956","2,788","4,748","6,216","6,913","5,213","4,661",827,31
226,전라북도,무주군,"23,375","23,375",909,"1,734","1,578","1,483","2,585","3,988","4,939","3,156","2,612",372,19,"11,690","11,690",486,878,880,805,"1,424","2,228","2,614","1,399",886,89,1,"11,685","11,685",423,856,698,678,"1,161","1,760","2,325","1,757","1,726",283,18
227,전라북도,부안군,"50,122","50,122","2,096","3,398","3,729","3,385","5,632","8,374","10,248","7,372","5,168",705,15,"24,908","24,908","1,087","1,775","2,133","1,817","3,097","4,641","5,175","3,324","1,731",127,1,"25,214","25,214","1,009","1,623","1,596","1,568","2,535","3,733","5,073","4,048","3,437",578,14
228,전라북도,순창군,"26,760","26,760","1,153","2,117","1,888","1,643","2,995","4,406","5,295","3,725","3,078",445,15,"13,139","13,139",586,"1,099","1,077",819,"1,631","2,434","2,791","1,622",961,118,1,"13,621","13,621",567,"1,018",811,824,"1,364","1,972","2,504","2,103","2,117",327,14
233,전라북도,완주군,"94,265","94,265","6,179","8,437","8,919","9,593","13,448","15,653","15,923","9,189","5,964",929,31,"48,459","48,459","3,102","4,412","4,966","4,998","7,258","8,678","8,370","4,437","2,046",188,4,"45,806","45,806","3,077","4,025","3,953","4,595","6,190","6,975","7,553","4,752","3,918",741,27
234,전라북도,익산시,"272,602","272,602","15,653","26,173","32,892","26,184","38,473","47,830","44,126","24,783","14,158","2,275",55,"135,758","135,758","8,001","13,438","17,960","13,717","19,642","24,367","21,911","11,350","4,870",497,5,"136,844","136,844","7,652","12,735","14,932","12,467","18,831","23,463","22,215","13,433","9,288","1,778",50
235,전라북도,임실군,"26,398","26,398","1,207","1,492","1,756","1,730","2,453","4,367","5,549","3,986","3,318",524,16,"13,546","13,546",631,790,"1,035",922,"1,486","2,497","3,072","1,880","1,103",127,3,"12,852","12,852",576,702,721,808,967,"1,870","2,477","2,106","2,215",397,13
236,전라북도,장수군,"21,177","21,177",883,"1,552","1,413","1,258","2,264","3,532","4,484","3,058","2,370",348,15,"10,643","10,643",456,794,847,657,"1,272","1,973","2,352","1,443",746,102,1,"10,534","10,534",427,758,566,601,992,"1,559","2,132","1,615","1,624",246,14
237,전라북도,전주시,"647,987","647,987","46,512","68,844","87,496","77,949","102,234","108,089","84,545","45,726","23,204","3,285",103,"318,416","318,416","23,763","35,448","46,023","39,845","50,036","53,252","40,065","20,536","8,644",794,10,"329,571","329,571","22,749","33,396","41,473","38,104","52,198","54,837","44,480","25,190","14,560","2,491",93
239,전라북도,정읍시,"104,590","104,590","5,214","8,815","9,596","7,946","13,386","18,064","18,461","12,494","9,149","1,423",42,"52,062","52,062","2,664","4,655","5,392","4,230","7,036","9,704","9,399","5,606","3,086",283,7,"52,528","52,528","2,550","4,160","4,204","3,716","6,350","8,360","9,062","6,888","6,063","1,140",35
240,전라북도,진안군,"24,651","24,651",985,"1,578","1,671","1,402","2,336","4,306","5,512","3,661","2,748",438,14,"12,584","12,584",500,831,973,688,"1,333","2,453","2,994","1,795",932,84,1,"12,067","12,067",485,747,698,714,"1,003","1,853","2,518","1,866","1,816",354,13
241,제주특별자치도,서귀포시,"184,438","184,438","13,394","17,611","17,689","18,634","29,397","33,002","28,009","15,743","9,328","1,550",81,"92,859","92,859","6,861","9,215","9,630","9,246","15,259","17,648","14,102","7,294","3,322",277,5,"91,579","91,579","6,533","8,396","8,059","9,388","14,138","15,354","13,907","8,449","6,006","1,273",76
242,제주특별자치도,제주시,"492,593","492,593","40,451","52,838","58,663","60,323","81,257","84,980","62,204","31,337","17,243","3,114",183,"246,197","246,197","20,777","27,388","30,931","30,621","41,145","43,543","30,853","14,328","6,075",527,9,"246,396","246,396","19,674","25,450","27,732","29,702","40,112","41,437","31,351","17,009","11,168","2,587",174
246,충청남도,계룡시,"44,918","44,918","3,720","6,258","4,737","5,021","8,347","7,622","5,444","2,346","1,215",199,9,"22,347","22,347","1,856","3,291","2,643","2,594","4,021","3,807","2,584","1,115",393,41,2,"22,571","22,571","1,864","2,967","2,094","2,427","4,326","3,815","2,860","1,231",822,158,7
247,충청남도,공주시,"102,697","102,697","4,745","8,006","10,883","8,517","12,397","17,213","20,362","11,529","7,702","1,308",35,"51,293","51,293","2,448","4,145","5,838","4,667","6,510","8,875","10,226","5,505","2,742",334,3,"51,404","51,404","2,297","3,861","5,045","3,850","5,887","8,338","10,136","6,024","4,960",974,32
248,충청남도,금산군,"50,318","50,318","2,056","4,123","3,502","3,199","5,647","8,723","10,941","6,707","4,712",686,22,"25,394","25,394","1,018","2,176","2,009","1,696","3,064","4,817","5,693","3,154","1,590",174,3,"24,924","24,924","1,038","1,947","1,493","1,503","2,583","3,906","5,248","3,553","3,122",512,19
249,충청남도,논산시,"111,914","111,914","5,939","9,091","10,020","9,557","13,954","18,770","21,673","12,703","8,720","1,450",37,"55,922","55,922","3,035","4,675","5,638","5,112","7,425","9,876","11,023","5,817","2,962",349,10,"55,992","55,992","2,904","4,416","4,382","4,445","6,529","8,894","10,650","6,886","5,758","1,101",27
250,충청남도,당진시,"168,673","168,673","13,483","16,176","15,039","20,618","27,900","27,290","24,259","13,575","8,936","1,355",42,"89,905","89,905","6,811","8,481","8,867","11,812","15,653","15,463","12,663","6,542","3,269",342,2,"78,768","78,768","6,672","7,695","6,172","8,806","12,247","11,827","11,596","7,033","5,667","1,013",40
251,충청남도,보령시,"96,756","96,756","5,098","7,703","8,401","8,265","12,834","16,284","18,659","11,410","6,997","1,076",29,"49,036","49,036","2,569","4,003","4,854","4,549","7,015","8,735","9,325","5,209","2,530",243,4,"47,720","47,720","2,529","3,700","3,547","3,716","5,819","7,549","9,334","6,201","4,467",833,25
252,충청남도,부여군,"61,956","61,956","2,335","4,205","4,527","3,737","6,402","9,821","13,870","9,135","6,731","1,168",25,"30,812","30,812","1,239","2,236","2,601","2,019","3,489","5,219","7,041","4,254","2,407",305,2,"31,144","31,144","1,096","1,969","1,926","1,718","2,913","4,602","6,829","4,881","4,324",863,23
253,충청남도,서산시,"176,150","176,150","13,461","16,994","18,045","20,676","27,522","29,098","25,326","14,295","9,089","1,600",44,"91,968","91,968","6,849","8,936","10,937","11,658","14,648","15,558","12,828","6,909","3,281",361,3,"84,182","84,182","6,612","8,058","7,108","9,018","12,874","13,540","12,498","7,386","5,808","1,239",41
254,충청남도,서천군,"49,732","49,732","1,930","3,130","3,319","2,963","5,148","7,880","10,865","7,816","5,662",999,20,"24,581","24,581",981,"1,592","1,936","1,637","2,794","4,312","5,471","3,583","2,029",243,3,"25,151","25,151",949,"1,538","1,383","1,326","2,354","3,568","5,394","4,233","3,633",756,17
255,충청남도,아산시,"336,690","336,690","30,819","37,461","37,646","48,757","61,625","50,698","38,008","19,051","10,950","1,631",44,"175,484","175,484","15,923","19,247","21,100","26,035","33,279","27,540","19,357","8,656","3,963",378,6,"161,206","161,206","14,896","18,214","16,546","22,722","28,346","23,158","18,651","10,395","6,987","1,253",38
256,충청남도,예산군,"78,451","78,451","3,400","5,527","6,167","6,222","9,171","12,987","16,277","10,288","7,302","1,076",34,"39,351","39,351","1,740","2,856","3,492","3,424","4,894","7,058","8,176","4,760","2,697",250,4,"39,100","39,100","1,660","2,671","2,675","2,798","4,277","5,929","8,101","5,528","4,605",826,30
257,충청남도,천안시,"657,816","657,816","52,996","67,995","91,553","98,686","112,522","105,773","75,966","32,422","17,239","2,586",78,"336,825","336,825","27,191","35,015","48,682","52,845","58,560","54,106","38,648","15,086","6,116",565,11,"320,991","320,991","25,805","32,980","42,871","45,841","53,962","51,667","37,318","17,336","11,123","2,021",67
259,충청남도,청양군,"30,280","30,280","1,048","2,030","2,424","1,833","2,824","4,863","6,811","4,359","3,491",589,8,"15,444","15,444",544,"1,063","1,447","1,011","1,637","2,728","3,540","2,075","1,232",165,2,"14,836","14,836",504,967,977,822,"1,187","2,135","3,271","2,284","2,259",424,6
260,충청남도,태안군,"61,011","61,011","2,480","4,080","4,363","4,209","7,222","10,367","13,262","9,008","5,139",858,23,"30,851","30,851","1,252","2,100","2,622","2,337","3,991","5,641","6,516","4,362","1,830",193,7,"30,160","30,160","1,228","1,980","1,741","1,872","3,231","4,726","6,746","4,646","3,309",665,16
261,충청남도,홍성군,"97,288","97,288","6,486","9,390","8,642","9,287","13,626","15,497","16,328","9,959","6,948","1,095",30,"48,492","48,492","3,357","4,836","4,773","4,864","6,955","8,282","8,126","4,580","2,448",268,3,"48,796","48,796","3,129","4,554","3,869","4,423","6,671","7,215","8,202","5,379","4,500",827,27
262,충청북도,괴산군,"36,835","36,835","1,187","1,780","2,255","2,113","3,467","6,721","9,705","5,407","3,656",530,14,"18,991","18,991",594,919,"1,334","1,195","1,962","3,708","5,208","2,672","1,276",120,3,"17,844","17,844",593,861,921,918,"1,505","3,013","4,497","2,735","2,380",410,11
19,충청북도,단양군,"27,687","27,687",948,"1,722","1,835","1,703","2,810","5,115","7,010","3,918","2,317",298,11,"14,097","14,097",497,935,"1,064",940,"1,510","2,776","3,645","1,828",826,75,1,"13,590","13,590",451,787,771,763,"1,300","2,339","3,365","2,090","1,491",223,10
115,충청북도,보은군,"31,414","31,414","1,185","1,938","2,069","1,878","3,022","5,299","7,675","4,409","3,353",574,12,"15,862","15,862",618,"1,034","1,236","1,032","1,666","2,924","4,015","2,086","1,123",127,1,"15,552","15,552",567,904,833,846,"1,356","2,375","3,660","2,323","2,230",447,11
126,충청북도,영동군,"44,730","44,730","1,761","3,001","3,458","2,683","4,667","7,785","10,250","6,175","4,345",587,18,"22,385","22,385",900,"1,554","1,955","1,465","2,531","4,188","5,315","2,804","1,536",135,2,"22,345","22,345",861,"1,447","1,503","1,218","2,136","3,597","4,935","3,371","2,809",452,16
137,충청북도,옥천군,"49,311","49,311","2,049","3,679","3,825","3,331","5,792","8,448","10,877","6,402","4,211",680,17,"24,904","24,904","1,067","1,959","2,184","1,733","3,072","4,528","5,635","3,096","1,452",177,1,"24,407","24,407",982,"1,720","1,641","1,598","2,720","3,920","5,242","3,306","2,759",503,16
141,충청북도,음성군,"91,825","91,825","4,886","7,140","8,624","8,937","12,992","17,266","17,462","8,467","5,255",771,25,"48,781","48,781","2,519","3,757","4,932","5,164","7,250","9,582","9,369","4,170","1,874",156,8,"43,044","43,044","2,367","3,383","3,692","3,773","5,742","7,684","8,093","4,297","3,381",615,17
173,충청북도,제천시,"131,551","131,551","7,359","11,719","14,584","11,673","17,000","22,970","24,924","13,002","7,392",896,32,"66,169","66,169","3,776","5,998","8,174","6,324","8,686","11,784","12,411","6,088","2,732",191,5,"65,382","65,382","3,583","5,721","6,410","5,349","8,314","11,186","12,513","6,914","4,660",705,27
195,충청북도,증평군,"37,321","37,321","2,723","3,390","4,385","4,509","5,576","6,138","5,772","2,880","1,730",216,2,"19,445","19,445","1,390","1,786","2,569","2,557","3,019","3,215","2,903","1,354",613,39,0,"17,876","17,876","1,333","1,604","1,816","1,952","2,557","2,923","2,869","1,526","1,117",177,2
216,충청북도,진천군,"85,842","85,842","6,822","8,417","8,875","11,009","14,228","14,042","12,266","5,695","3,915",558,15,"45,363","45,363","3,554","4,394","5,189","6,183","7,764","7,737","6,391","2,693","1,340",113,5,"40,479","40,479","3,268","4,023","3,686","4,826","6,464","6,305","5,875","3,002","2,575",445,10
222,충청북도,청주시,"849,539","849,539","65,834","84,668","114,373","116,308","135,998","138,354","112,355","50,126","27,553","3,873",97,"429,363","429,363","33,637","43,693","62,436","62,519","69,047","69,179","55,389","22,921","9,710",819,13,"420,176","420,176","32,197","40,975","51,937","53,789","66,951","69,175","56,966","27,205","17,843","3,054",84
244,충청북도,충주시,"208,001","208,001","12,701","18,016","22,192","22,296","29,645","36,315","36,002","17,962","11,295","1,533",44,"105,451","105,451","6,433","9,394","12,691","12,377","15,252","18,580","18,179","8,146","4,050",340,9,"102,550","102,550","6,268","8,622","9,501","9,919","14,393","17,735","17,823","9,816","7,245","1,193",35
